First Name,Last Name,Email,Mobile,Power
John,Wick,john.wick@gmail.com,8464624648,9
Ethan,Hunt,ethan_hunt@protonmail.com,5734574538,8
James ,Bond,james-b-o-n-d@darknet.com,3267532424,8
Ellen ,Ripley,ripleyy.ellen@rediffmail.com,4265348734,5
John ,Rambo,johnrambooo@piratebay.org,7567893096,6
John,McClane,mc_clane@tornetwork.vst,2752834955,4
Indiana ,Jones,jonindiana@gmail.com,3535903450,3
Jason ,Bourne,born-jason@protonmail.com,5480164353,4
William ,Wallace,willace-wallum@darknet.com,5439353953,2
